[
{
    "model": "auth.user",
    "fields": {
        "password": "pbkdf2_sha256$320000$3pYzl0xIpYN6iDc7xheH9G$IK1ESoNYbElxj4O1TJNSphRlbFsBaZWsXp8xnmjj6Hw=",
        "last_login": "2022-02-20T16:29:19.492",
        "is_superuser": true,
        "username": "admin",
        "first_name": "",
        "last_name": "",
        "email": "",
        "is_staff": true,
        "is_active": true,
        "date_joined": "2022-02-20T16:28:43.288",
        "groups": [],
        "user_permissions": []
    }
},
{
    "model": "sessions.session",
    "pk": "2ez8ibzoeai65sdecwv86bg1aq4irldk",
    "fields": {
        "session_data": ".eJxVjDsOwjAQBe_iGlle_01JzxmsdXaDA8iR4qRC3B0ipYD2zcx7iYzbWvPWeckTibMAcfrdCg4PbjugO7bbLIe5rctU5K7Ig3Z5nYmfl8P9O6jY67dOHJX2KZiAFtkmF5mNNVZr74ggFV9QB6XIALmx6BRHT8p4ANBJAYj3B7wTNnw:1nLp5L:-s-o9irqSHXuOnxzvQpcLPTKim4h0VojlmrFuQC09mE",
        "expire_date": "2022-03-06T16:29:19.499"
    }
},
{
    "model": "manual.manualbase",
    "pk": "0e9ffa0c-11d3-47e0-bc47-35c6e0fffffa",
    "fields": {
        "name": "Справочник7",
        "short_name": "C7",
        "description": "Random text 7"
    }
},
{
    "model": "manual.manualbase",
    "pk": "1454f04b-4b6b-4b6f-979d-45b44cd2811b",
    "fields": {
        "name": "Справочник5",
        "short_name": "C5",
        "description": "Random text 5"
    }
},
{
    "model": "manual.manualbase",
    "pk": "24898c1c-bd20-43d1-97f7-71df92b7a2e6",
    "fields": {
        "name": "Справочник6",
        "short_name": "C6",
        "description": "Random text 6"
    }
},
{
    "model": "manual.manualbase",
    "pk": "2b34492d-52dd-4e2a-99cf-8d680bdfb918",
    "fields": {
        "name": "Справочник11",
        "short_name": "C11",
        "description": "Random text 11"
    }
},
{
    "model": "manual.manualbase",
    "pk": "41edbe45-7a95-494d-a009-c5707bf7a032",
    "fields": {
        "name": "Справочник2",
        "short_name": "C2",
        "description": "Random text 2"
    }
},
{
    "model": "manual.manualbase",
    "pk": "607903d0-d184-4a06-b833-a0fd770c91f2",
    "fields": {
        "name": "Справочник10",
        "short_name": "C10",
        "description": "Random text 10"
    }
},
{
    "model": "manual.manualbase",
    "pk": "637ee7cb-1705-45d9-88ce-51ea8b7da8d1",
    "fields": {
        "name": "Справочник4",
        "short_name": "C4",
        "description": "Random text 4"
    }
},
{
    "model": "manual.manualbase",
    "pk": "7138dec7-891c-4c44-a082-2459a2eb2c43",
    "fields": {
        "name": "Справочник8",
        "short_name": "C8",
        "description": "Random text 8"
    }
},
{
    "model": "manual.manualbase",
    "pk": "cfae9687-2eb4-4ab9-ba22-3609785f49bc",
    "fields": {
        "name": "Справочник9",
        "short_name": "C9",
        "description": "Random text 9"
    }
},
{
    "model": "manual.manualbase",
    "pk": "daafbfea-23d7-4a31-9ee7-7d48f8763b54",
    "fields": {
        "name": "Справочник3",
        "short_name": "C3",
        "description": "Random text 3"
    }
},
{
    "model": "manual.manualbase",
    "pk": "f13b70b8-52a0-4972-95dd-e9bdfa37c704",
    "fields": {
        "name": "Справочник1",
        "short_name": "C1",
        "description": "Random text 1"
    }
},
{
    "model": "manual.manual",
    "pk": 1,
    "fields": {
        "manual_base": "f13b70b8-52a0-4972-95dd-e9bdfa37c704",
        "version": "00.01",
        "enable_date": "2022-02-10T12:30:00"
    }
},
{
    "model": "manual.manual",
    "pk": 2,
    "fields": {
        "manual_base": "f13b70b8-52a0-4972-95dd-e9bdfa37c704",
        "version": "00.02",
        "enable_date": "2022-02-14T12:30:00"
    }
},
{
    "model": "manual.manual",
    "pk": 3,
    "fields": {
        "manual_base": "f13b70b8-52a0-4972-95dd-e9bdfa37c704",
        "version": "00.03",
        "enable_date": "2022-02-18T12:30:00"
    }
},
{
    "model": "manual.manual",
    "pk": 4,
    "fields": {
        "manual_base": "41edbe45-7a95-494d-a009-c5707bf7a032",
        "version": "00.01",
        "enable_date": "2022-02-22T12:30:00"
    }
},
{
    "model": "manual.manual",
    "pk": 5,
    "fields": {
        "manual_base": "41edbe45-7a95-494d-a009-c5707bf7a032",
        "version": "00.02",
        "enable_date": "2022-02-26T12:30:00"
    }
},
{
    "model": "manual.manual",
    "pk": 6,
    "fields": {
        "manual_base": "41edbe45-7a95-494d-a009-c5707bf7a032",
        "version": "00.03",
        "enable_date": "2022-03-02T12:30:00"
    }
},
{
    "model": "manual.manual",
    "pk": 7,
    "fields": {
        "manual_base": "daafbfea-23d7-4a31-9ee7-7d48f8763b54",
        "version": "00.01",
        "enable_date": "2022-03-06T12:30:00"
    }
},
{
    "model": "manual.manual",
    "pk": 8,
    "fields": {
        "manual_base": "daafbfea-23d7-4a31-9ee7-7d48f8763b54",
        "version": "00.02",
        "enable_date": "2022-03-10T12:30:00"
    }
},
{
    "model": "manual.manual",
    "pk": 9,
    "fields": {
        "manual_base": "daafbfea-23d7-4a31-9ee7-7d48f8763b54",
        "version": "00.03",
        "enable_date": "2022-03-14T12:30:00"
    }
},
{
    "model": "manual.manual",
    "pk": 10,
    "fields": {
        "manual_base": "637ee7cb-1705-45d9-88ce-51ea8b7da8d1",
        "version": "00.01",
        "enable_date": "2022-03-18T12:30:00"
    }
},
{
    "model": "manual.manual",
    "pk": 11,
    "fields": {
        "manual_base": "637ee7cb-1705-45d9-88ce-51ea8b7da8d1",
        "version": "00.02",
        "enable_date": "2022-03-22T12:30:00"
    }
},
{
    "model": "manual.manual",
    "pk": 12,
    "fields": {
        "manual_base": "637ee7cb-1705-45d9-88ce-51ea8b7da8d1",
        "version": "00.03",
        "enable_date": "2022-03-26T12:30:00"
    }
},
{
    "model": "manual.manual",
    "pk": 13,
    "fields": {
        "manual_base": "1454f04b-4b6b-4b6f-979d-45b44cd2811b",
        "version": "00.01",
        "enable_date": "2022-03-30T12:30:00"
    }
},
{
    "model": "manual.manual",
    "pk": 14,
    "fields": {
        "manual_base": "1454f04b-4b6b-4b6f-979d-45b44cd2811b",
        "version": "00.02",
        "enable_date": "2022-04-03T12:30:00"
    }
},
{
    "model": "manual.manual",
    "pk": 15,
    "fields": {
        "manual_base": "1454f04b-4b6b-4b6f-979d-45b44cd2811b",
        "version": "00.03",
        "enable_date": "2022-04-07T12:30:00"
    }
},
{
    "model": "manual.manual",
    "pk": 16,
    "fields": {
        "manual_base": "24898c1c-bd20-43d1-97f7-71df92b7a2e6",
        "version": "00.01",
        "enable_date": "2022-04-11T12:30:00"
    }
},
{
    "model": "manual.manual",
    "pk": 17,
    "fields": {
        "manual_base": "24898c1c-bd20-43d1-97f7-71df92b7a2e6",
        "version": "00.02",
        "enable_date": "2022-04-15T12:30:00"
    }
},
{
    "model": "manual.manual",
    "pk": 18,
    "fields": {
        "manual_base": "24898c1c-bd20-43d1-97f7-71df92b7a2e6",
        "version": "00.03",
        "enable_date": "2022-04-19T12:30:00"
    }
},
{
    "model": "manual.manual",
    "pk": 19,
    "fields": {
        "manual_base": "0e9ffa0c-11d3-47e0-bc47-35c6e0fffffa",
        "version": "00.01",
        "enable_date": "2022-04-23T12:30:00"
    }
},
{
    "model": "manual.manual",
    "pk": 20,
    "fields": {
        "manual_base": "0e9ffa0c-11d3-47e0-bc47-35c6e0fffffa",
        "version": "00.02",
        "enable_date": "2022-04-27T12:30:00"
    }
},
{
    "model": "manual.manual",
    "pk": 21,
    "fields": {
        "manual_base": "0e9ffa0c-11d3-47e0-bc47-35c6e0fffffa",
        "version": "00.03",
        "enable_date": "2022-05-01T12:30:00"
    }
},
{
    "model": "manual.manual",
    "pk": 22,
    "fields": {
        "manual_base": "7138dec7-891c-4c44-a082-2459a2eb2c43",
        "version": "00.01",
        "enable_date": "2022-05-05T12:30:00"
    }
},
{
    "model": "manual.manual",
    "pk": 23,
    "fields": {
        "manual_base": "7138dec7-891c-4c44-a082-2459a2eb2c43",
        "version": "00.02",
        "enable_date": "2022-05-09T12:30:00"
    }
},
{
    "model": "manual.manual",
    "pk": 24,
    "fields": {
        "manual_base": "7138dec7-891c-4c44-a082-2459a2eb2c43",
        "version": "00.03",
        "enable_date": "2022-05-13T12:30:00"
    }
},
{
    "model": "manual.manual",
    "pk": 25,
    "fields": {
        "manual_base": "cfae9687-2eb4-4ab9-ba22-3609785f49bc",
        "version": "00.01",
        "enable_date": "2022-05-17T12:30:00"
    }
},
{
    "model": "manual.manual",
    "pk": 26,
    "fields": {
        "manual_base": "cfae9687-2eb4-4ab9-ba22-3609785f49bc",
        "version": "00.02",
        "enable_date": "2022-05-21T12:30:00"
    }
},
{
    "model": "manual.manual",
    "pk": 27,
    "fields": {
        "manual_base": "cfae9687-2eb4-4ab9-ba22-3609785f49bc",
        "version": "00.03",
        "enable_date": "2022-05-25T12:30:00"
    }
},
{
    "model": "manual.manual",
    "pk": 28,
    "fields": {
        "manual_base": "607903d0-d184-4a06-b833-a0fd770c91f2",
        "version": "00.01",
        "enable_date": "2022-05-29T12:30:00"
    }
},
{
    "model": "manual.manual",
    "pk": 29,
    "fields": {
        "manual_base": "607903d0-d184-4a06-b833-a0fd770c91f2",
        "version": "00.02",
        "enable_date": "2022-06-02T12:30:00"
    }
},
{
    "model": "manual.manual",
    "pk": 30,
    "fields": {
        "manual_base": "607903d0-d184-4a06-b833-a0fd770c91f2",
        "version": "00.03",
        "enable_date": "2022-06-06T12:30:00"
    }
},
{
    "model": "manual.manual",
    "pk": 31,
    "fields": {
        "manual_base": "2b34492d-52dd-4e2a-99cf-8d680bdfb918",
        "version": "00.01",
        "enable_date": "2022-06-10T12:30:00"
    }
},
{
    "model": "manual.manual",
    "pk": 32,
    "fields": {
        "manual_base": "2b34492d-52dd-4e2a-99cf-8d680bdfb918",
        "version": "00.02",
        "enable_date": "2022-06-14T12:30:00"
    }
},
{
    "model": "manual.manual",
    "pk": 33,
    "fields": {
        "manual_base": "2b34492d-52dd-4e2a-99cf-8d680bdfb918",
        "version": "00.03",
        "enable_date": "2022-06-18T12:30:00"
    }
},
{
    "model": "manual.item",
    "pk": 1,
    "fields": {
        "manual": 1,
        "code": "459",
        "summary": "Summary text 1"
    }
},
{
    "model": "manual.item",
    "pk": 2,
    "fields": {
        "manual": 1,
        "code": "310",
        "summary": "Summary text 2"
    }
},
{
    "model": "manual.item",
    "pk": 3,
    "fields": {
        "manual": 1,
        "code": "308",
        "summary": "Summary text 3"
    }
},
{
    "model": "manual.item",
    "pk": 4,
    "fields": {
        "manual": 1,
        "code": "258",
        "summary": "Summary text 4"
    }
},
{
    "model": "manual.item",
    "pk": 5,
    "fields": {
        "manual": 1,
        "code": "365",
        "summary": "Summary text 5"
    }
},
{
    "model": "manual.item",
    "pk": 6,
    "fields": {
        "manual": 1,
        "code": "460",
        "summary": "Summary text 6"
    }
},
{
    "model": "manual.item",
    "pk": 7,
    "fields": {
        "manual": 1,
        "code": "220",
        "summary": "Summary text 7"
    }
},
{
    "model": "manual.item",
    "pk": 8,
    "fields": {
        "manual": 1,
        "code": "197",
        "summary": "Summary text 8"
    }
},
{
    "model": "manual.item",
    "pk": 9,
    "fields": {
        "manual": 1,
        "code": "227",
        "summary": "Summary text 9"
    }
},
{
    "model": "manual.item",
    "pk": 10,
    "fields": {
        "manual": 1,
        "code": "175",
        "summary": "Summary text 10"
    }
},
{
    "model": "manual.item",
    "pk": 11,
    "fields": {
        "manual": 1,
        "code": "222",
        "summary": "Summary text 11"
    }
},
{
    "model": "manual.item",
    "pk": 12,
    "fields": {
        "manual": 2,
        "code": "199",
        "summary": "Summary text 1"
    }
},
{
    "model": "manual.item",
    "pk": 13,
    "fields": {
        "manual": 2,
        "code": "366",
        "summary": "Summary text 2"
    }
},
{
    "model": "manual.item",
    "pk": 14,
    "fields": {
        "manual": 2,
        "code": "269",
        "summary": "Summary text 3"
    }
},
{
    "model": "manual.item",
    "pk": 15,
    "fields": {
        "manual": 2,
        "code": "213",
        "summary": "Summary text 4"
    }
},
{
    "model": "manual.item",
    "pk": 16,
    "fields": {
        "manual": 2,
        "code": "271",
        "summary": "Summary text 5"
    }
},
{
    "model": "manual.item",
    "pk": 17,
    "fields": {
        "manual": 2,
        "code": "135",
        "summary": "Summary text 6"
    }
},
{
    "model": "manual.item",
    "pk": 18,
    "fields": {
        "manual": 2,
        "code": "466",
        "summary": "Summary text 7"
    }
},
{
    "model": "manual.item",
    "pk": 19,
    "fields": {
        "manual": 2,
        "code": "308",
        "summary": "Summary text 8"
    }
},
{
    "model": "manual.item",
    "pk": 20,
    "fields": {
        "manual": 2,
        "code": "387",
        "summary": "Summary text 9"
    }
},
{
    "model": "manual.item",
    "pk": 21,
    "fields": {
        "manual": 2,
        "code": "110",
        "summary": "Summary text 10"
    }
},
{
    "model": "manual.item",
    "pk": 22,
    "fields": {
        "manual": 2,
        "code": "398",
        "summary": "Summary text 11"
    }
},
{
    "model": "manual.item",
    "pk": 23,
    "fields": {
        "manual": 3,
        "code": "228",
        "summary": "Summary text 1"
    }
},
{
    "model": "manual.item",
    "pk": 24,
    "fields": {
        "manual": 3,
        "code": "104",
        "summary": "Summary text 2"
    }
},
{
    "model": "manual.item",
    "pk": 25,
    "fields": {
        "manual": 3,
        "code": "315",
        "summary": "Summary text 3"
    }
},
{
    "model": "manual.item",
    "pk": 26,
    "fields": {
        "manual": 3,
        "code": "434",
        "summary": "Summary text 4"
    }
},
{
    "model": "manual.item",
    "pk": 27,
    "fields": {
        "manual": 3,
        "code": "442",
        "summary": "Summary text 5"
    }
},
{
    "model": "manual.item",
    "pk": 28,
    "fields": {
        "manual": 3,
        "code": "447",
        "summary": "Summary text 6"
    }
},
{
    "model": "manual.item",
    "pk": 29,
    "fields": {
        "manual": 3,
        "code": "370",
        "summary": "Summary text 7"
    }
},
{
    "model": "manual.item",
    "pk": 30,
    "fields": {
        "manual": 3,
        "code": "190",
        "summary": "Summary text 8"
    }
},
{
    "model": "manual.item",
    "pk": 31,
    "fields": {
        "manual": 3,
        "code": "459",
        "summary": "Summary text 9"
    }
},
{
    "model": "manual.item",
    "pk": 32,
    "fields": {
        "manual": 3,
        "code": "193",
        "summary": "Summary text 10"
    }
},
{
    "model": "manual.item",
    "pk": 33,
    "fields": {
        "manual": 3,
        "code": "236",
        "summary": "Summary text 11"
    }
},
{
    "model": "manual.item",
    "pk": 34,
    "fields": {
        "manual": 4,
        "code": "108",
        "summary": "Summary text 1"
    }
},
{
    "model": "manual.item",
    "pk": 35,
    "fields": {
        "manual": 4,
        "code": "338",
        "summary": "Summary text 2"
    }
},
{
    "model": "manual.item",
    "pk": 36,
    "fields": {
        "manual": 4,
        "code": "339",
        "summary": "Summary text 3"
    }
},
{
    "model": "manual.item",
    "pk": 37,
    "fields": {
        "manual": 4,
        "code": "387",
        "summary": "Summary text 4"
    }
},
{
    "model": "manual.item",
    "pk": 38,
    "fields": {
        "manual": 4,
        "code": "134",
        "summary": "Summary text 5"
    }
},
{
    "model": "manual.item",
    "pk": 39,
    "fields": {
        "manual": 4,
        "code": "410",
        "summary": "Summary text 6"
    }
},
{
    "model": "manual.item",
    "pk": 40,
    "fields": {
        "manual": 4,
        "code": "425",
        "summary": "Summary text 7"
    }
},
{
    "model": "manual.item",
    "pk": 41,
    "fields": {
        "manual": 4,
        "code": "452",
        "summary": "Summary text 8"
    }
},
{
    "model": "manual.item",
    "pk": 42,
    "fields": {
        "manual": 4,
        "code": "406",
        "summary": "Summary text 9"
    }
},
{
    "model": "manual.item",
    "pk": 43,
    "fields": {
        "manual": 4,
        "code": "313",
        "summary": "Summary text 10"
    }
},
{
    "model": "manual.item",
    "pk": 44,
    "fields": {
        "manual": 4,
        "code": "434",
        "summary": "Summary text 11"
    }
},
{
    "model": "manual.item",
    "pk": 45,
    "fields": {
        "manual": 5,
        "code": "134",
        "summary": "Summary text 1"
    }
},
{
    "model": "manual.item",
    "pk": 46,
    "fields": {
        "manual": 5,
        "code": "165",
        "summary": "Summary text 2"
    }
},
{
    "model": "manual.item",
    "pk": 47,
    "fields": {
        "manual": 5,
        "code": "221",
        "summary": "Summary text 3"
    }
},
{
    "model": "manual.item",
    "pk": 48,
    "fields": {
        "manual": 5,
        "code": "331",
        "summary": "Summary text 4"
    }
},
{
    "model": "manual.item",
    "pk": 49,
    "fields": {
        "manual": 5,
        "code": "426",
        "summary": "Summary text 5"
    }
},
{
    "model": "manual.item",
    "pk": 50,
    "fields": {
        "manual": 5,
        "code": "203",
        "summary": "Summary text 6"
    }
},
{
    "model": "manual.item",
    "pk": 51,
    "fields": {
        "manual": 5,
        "code": "277",
        "summary": "Summary text 7"
    }
},
{
    "model": "manual.item",
    "pk": 52,
    "fields": {
        "manual": 5,
        "code": "146",
        "summary": "Summary text 8"
    }
},
{
    "model": "manual.item",
    "pk": 53,
    "fields": {
        "manual": 5,
        "code": "327",
        "summary": "Summary text 9"
    }
},
{
    "model": "manual.item",
    "pk": 54,
    "fields": {
        "manual": 5,
        "code": "269",
        "summary": "Summary text 10"
    }
},
{
    "model": "manual.item",
    "pk": 55,
    "fields": {
        "manual": 5,
        "code": "295",
        "summary": "Summary text 11"
    }
},
{
    "model": "manual.item",
    "pk": 56,
    "fields": {
        "manual": 6,
        "code": "162",
        "summary": "Summary text 1"
    }
},
{
    "model": "manual.item",
    "pk": 57,
    "fields": {
        "manual": 6,
        "code": "323",
        "summary": "Summary text 2"
    }
},
{
    "model": "manual.item",
    "pk": 58,
    "fields": {
        "manual": 6,
        "code": "305",
        "summary": "Summary text 3"
    }
},
{
    "model": "manual.item",
    "pk": 59,
    "fields": {
        "manual": 6,
        "code": "220",
        "summary": "Summary text 4"
    }
},
{
    "model": "manual.item",
    "pk": 60,
    "fields": {
        "manual": 6,
        "code": "212",
        "summary": "Summary text 5"
    }
},
{
    "model": "manual.item",
    "pk": 61,
    "fields": {
        "manual": 6,
        "code": "131",
        "summary": "Summary text 6"
    }
},
{
    "model": "manual.item",
    "pk": 62,
    "fields": {
        "manual": 6,
        "code": "158",
        "summary": "Summary text 7"
    }
},
{
    "model": "manual.item",
    "pk": 63,
    "fields": {
        "manual": 6,
        "code": "337",
        "summary": "Summary text 8"
    }
},
{
    "model": "manual.item",
    "pk": 64,
    "fields": {
        "manual": 6,
        "code": "428",
        "summary": "Summary text 9"
    }
},
{
    "model": "manual.item",
    "pk": 65,
    "fields": {
        "manual": 6,
        "code": "234",
        "summary": "Summary text 10"
    }
},
{
    "model": "manual.item",
    "pk": 66,
    "fields": {
        "manual": 6,
        "code": "286",
        "summary": "Summary text 11"
    }
},
{
    "model": "manual.item",
    "pk": 67,
    "fields": {
        "manual": 7,
        "code": "339",
        "summary": "Summary text 1"
    }
},
{
    "model": "manual.item",
    "pk": 68,
    "fields": {
        "manual": 7,
        "code": "221",
        "summary": "Summary text 2"
    }
},
{
    "model": "manual.item",
    "pk": 69,
    "fields": {
        "manual": 7,
        "code": "209",
        "summary": "Summary text 3"
    }
},
{
    "model": "manual.item",
    "pk": 70,
    "fields": {
        "manual": 7,
        "code": "396",
        "summary": "Summary text 4"
    }
},
{
    "model": "manual.item",
    "pk": 71,
    "fields": {
        "manual": 7,
        "code": "195",
        "summary": "Summary text 5"
    }
},
{
    "model": "manual.item",
    "pk": 72,
    "fields": {
        "manual": 7,
        "code": "114",
        "summary": "Summary text 6"
    }
},
{
    "model": "manual.item",
    "pk": 73,
    "fields": {
        "manual": 7,
        "code": "176",
        "summary": "Summary text 7"
    }
},
{
    "model": "manual.item",
    "pk": 74,
    "fields": {
        "manual": 7,
        "code": "167",
        "summary": "Summary text 8"
    }
},
{
    "model": "manual.item",
    "pk": 75,
    "fields": {
        "manual": 7,
        "code": "372",
        "summary": "Summary text 9"
    }
},
{
    "model": "manual.item",
    "pk": 76,
    "fields": {
        "manual": 7,
        "code": "380",
        "summary": "Summary text 10"
    }
},
{
    "model": "manual.item",
    "pk": 77,
    "fields": {
        "manual": 7,
        "code": "226",
        "summary": "Summary text 11"
    }
},
{
    "model": "manual.item",
    "pk": 78,
    "fields": {
        "manual": 8,
        "code": "242",
        "summary": "Summary text 1"
    }
},
{
    "model": "manual.item",
    "pk": 79,
    "fields": {
        "manual": 8,
        "code": "372",
        "summary": "Summary text 2"
    }
},
{
    "model": "manual.item",
    "pk": 80,
    "fields": {
        "manual": 8,
        "code": "228",
        "summary": "Summary text 3"
    }
},
{
    "model": "manual.item",
    "pk": 81,
    "fields": {
        "manual": 8,
        "code": "478",
        "summary": "Summary text 4"
    }
},
{
    "model": "manual.item",
    "pk": 82,
    "fields": {
        "manual": 8,
        "code": "135",
        "summary": "Summary text 5"
    }
},
{
    "model": "manual.item",
    "pk": 83,
    "fields": {
        "manual": 8,
        "code": "396",
        "summary": "Summary text 6"
    }
},
{
    "model": "manual.item",
    "pk": 84,
    "fields": {
        "manual": 8,
        "code": "221",
        "summary": "Summary text 7"
    }
},
{
    "model": "manual.item",
    "pk": 85,
    "fields": {
        "manual": 8,
        "code": "280",
        "summary": "Summary text 8"
    }
},
{
    "model": "manual.item",
    "pk": 86,
    "fields": {
        "manual": 8,
        "code": "206",
        "summary": "Summary text 9"
    }
},
{
    "model": "manual.item",
    "pk": 87,
    "fields": {
        "manual": 8,
        "code": "274",
        "summary": "Summary text 10"
    }
},
{
    "model": "manual.item",
    "pk": 88,
    "fields": {
        "manual": 8,
        "code": "203",
        "summary": "Summary text 11"
    }
},
{
    "model": "manual.item",
    "pk": 89,
    "fields": {
        "manual": 9,
        "code": "197",
        "summary": "Summary text 1"
    }
},
{
    "model": "manual.item",
    "pk": 90,
    "fields": {
        "manual": 9,
        "code": "389",
        "summary": "Summary text 2"
    }
},
{
    "model": "manual.item",
    "pk": 91,
    "fields": {
        "manual": 9,
        "code": "315",
        "summary": "Summary text 3"
    }
},
{
    "model": "manual.item",
    "pk": 92,
    "fields": {
        "manual": 9,
        "code": "203",
        "summary": "Summary text 4"
    }
},
{
    "model": "manual.item",
    "pk": 93,
    "fields": {
        "manual": 9,
        "code": "221",
        "summary": "Summary text 5"
    }
},
{
    "model": "manual.item",
    "pk": 94,
    "fields": {
        "manual": 9,
        "code": "213",
        "summary": "Summary text 6"
    }
},
{
    "model": "manual.item",
    "pk": 95,
    "fields": {
        "manual": 9,
        "code": "443",
        "summary": "Summary text 7"
    }
},
{
    "model": "manual.item",
    "pk": 96,
    "fields": {
        "manual": 9,
        "code": "189",
        "summary": "Summary text 8"
    }
},
{
    "model": "manual.item",
    "pk": 97,
    "fields": {
        "manual": 9,
        "code": "339",
        "summary": "Summary text 9"
    }
},
{
    "model": "manual.item",
    "pk": 98,
    "fields": {
        "manual": 9,
        "code": "154",
        "summary": "Summary text 10"
    }
},
{
    "model": "manual.item",
    "pk": 99,
    "fields": {
        "manual": 9,
        "code": "196",
        "summary": "Summary text 11"
    }
},
{
    "model": "manual.item",
    "pk": 100,
    "fields": {
        "manual": 10,
        "code": "352",
        "summary": "Summary text 1"
    }
},
{
    "model": "manual.item",
    "pk": 101,
    "fields": {
        "manual": 10,
        "code": "448",
        "summary": "Summary text 2"
    }
},
{
    "model": "manual.item",
    "pk": 102,
    "fields": {
        "manual": 10,
        "code": "138",
        "summary": "Summary text 3"
    }
},
{
    "model": "manual.item",
    "pk": 103,
    "fields": {
        "manual": 10,
        "code": "145",
        "summary": "Summary text 4"
    }
},
{
    "model": "manual.item",
    "pk": 104,
    "fields": {
        "manual": 10,
        "code": "161",
        "summary": "Summary text 5"
    }
},
{
    "model": "manual.item",
    "pk": 105,
    "fields": {
        "manual": 10,
        "code": "158",
        "summary": "Summary text 6"
    }
},
{
    "model": "manual.item",
    "pk": 106,
    "fields": {
        "manual": 10,
        "code": "147",
        "summary": "Summary text 7"
    }
},
{
    "model": "manual.item",
    "pk": 107,
    "fields": {
        "manual": 10,
        "code": "100",
        "summary": "Summary text 8"
    }
},
{
    "model": "manual.item",
    "pk": 108,
    "fields": {
        "manual": 10,
        "code": "131",
        "summary": "Summary text 9"
    }
},
{
    "model": "manual.item",
    "pk": 109,
    "fields": {
        "manual": 10,
        "code": "211",
        "summary": "Summary text 10"
    }
},
{
    "model": "manual.item",
    "pk": 110,
    "fields": {
        "manual": 10,
        "code": "372",
        "summary": "Summary text 11"
    }
},
{
    "model": "manual.item",
    "pk": 111,
    "fields": {
        "manual": 11,
        "code": "481",
        "summary": "Summary text 1"
    }
},
{
    "model": "manual.item",
    "pk": 112,
    "fields": {
        "manual": 11,
        "code": "284",
        "summary": "Summary text 2"
    }
},
{
    "model": "manual.item",
    "pk": 113,
    "fields": {
        "manual": 11,
        "code": "214",
        "summary": "Summary text 3"
    }
},
{
    "model": "manual.item",
    "pk": 114,
    "fields": {
        "manual": 11,
        "code": "275",
        "summary": "Summary text 4"
    }
},
{
    "model": "manual.item",
    "pk": 115,
    "fields": {
        "manual": 11,
        "code": "350",
        "summary": "Summary text 5"
    }
},
{
    "model": "manual.item",
    "pk": 116,
    "fields": {
        "manual": 11,
        "code": "128",
        "summary": "Summary text 6"
    }
},
{
    "model": "manual.item",
    "pk": 117,
    "fields": {
        "manual": 11,
        "code": "284",
        "summary": "Summary text 7"
    }
},
{
    "model": "manual.item",
    "pk": 118,
    "fields": {
        "manual": 11,
        "code": "115",
        "summary": "Summary text 8"
    }
},
{
    "model": "manual.item",
    "pk": 119,
    "fields": {
        "manual": 11,
        "code": "325",
        "summary": "Summary text 9"
    }
},
{
    "model": "manual.item",
    "pk": 120,
    "fields": {
        "manual": 11,
        "code": "167",
        "summary": "Summary text 10"
    }
},
{
    "model": "manual.item",
    "pk": 121,
    "fields": {
        "manual": 11,
        "code": "200",
        "summary": "Summary text 11"
    }
},
{
    "model": "manual.item",
    "pk": 122,
    "fields": {
        "manual": 12,
        "code": "388",
        "summary": "Summary text 1"
    }
},
{
    "model": "manual.item",
    "pk": 123,
    "fields": {
        "manual": 12,
        "code": "454",
        "summary": "Summary text 2"
    }
},
{
    "model": "manual.item",
    "pk": 124,
    "fields": {
        "manual": 12,
        "code": "131",
        "summary": "Summary text 3"
    }
},
{
    "model": "manual.item",
    "pk": 125,
    "fields": {
        "manual": 12,
        "code": "343",
        "summary": "Summary text 4"
    }
},
{
    "model": "manual.item",
    "pk": 126,
    "fields": {
        "manual": 12,
        "code": "411",
        "summary": "Summary text 5"
    }
},
{
    "model": "manual.item",
    "pk": 127,
    "fields": {
        "manual": 12,
        "code": "156",
        "summary": "Summary text 6"
    }
},
{
    "model": "manual.item",
    "pk": 128,
    "fields": {
        "manual": 12,
        "code": "411",
        "summary": "Summary text 7"
    }
},
{
    "model": "manual.item",
    "pk": 129,
    "fields": {
        "manual": 12,
        "code": "428",
        "summary": "Summary text 8"
    }
},
{
    "model": "manual.item",
    "pk": 130,
    "fields": {
        "manual": 12,
        "code": "352",
        "summary": "Summary text 9"
    }
},
{
    "model": "manual.item",
    "pk": 131,
    "fields": {
        "manual": 12,
        "code": "150",
        "summary": "Summary text 10"
    }
},
{
    "model": "manual.item",
    "pk": 132,
    "fields": {
        "manual": 12,
        "code": "449",
        "summary": "Summary text 11"
    }
},
{
    "model": "manual.item",
    "pk": 133,
    "fields": {
        "manual": 13,
        "code": "446",
        "summary": "Summary text 1"
    }
},
{
    "model": "manual.item",
    "pk": 134,
    "fields": {
        "manual": 13,
        "code": "274",
        "summary": "Summary text 2"
    }
},
{
    "model": "manual.item",
    "pk": 135,
    "fields": {
        "manual": 13,
        "code": "195",
        "summary": "Summary text 3"
    }
},
{
    "model": "manual.item",
    "pk": 136,
    "fields": {
        "manual": 13,
        "code": "110",
        "summary": "Summary text 4"
    }
},
{
    "model": "manual.item",
    "pk": 137,
    "fields": {
        "manual": 13,
        "code": "460",
        "summary": "Summary text 5"
    }
},
{
    "model": "manual.item",
    "pk": 138,
    "fields": {
        "manual": 13,
        "code": "329",
        "summary": "Summary text 6"
    }
},
{
    "model": "manual.item",
    "pk": 139,
    "fields": {
        "manual": 13,
        "code": "414",
        "summary": "Summary text 7"
    }
},
{
    "model": "manual.item",
    "pk": 140,
    "fields": {
        "manual": 13,
        "code": "472",
        "summary": "Summary text 8"
    }
},
{
    "model": "manual.item",
    "pk": 141,
    "fields": {
        "manual": 13,
        "code": "175",
        "summary": "Summary text 9"
    }
},
{
    "model": "manual.item",
    "pk": 142,
    "fields": {
        "manual": 13,
        "code": "497",
        "summary": "Summary text 10"
    }
},
{
    "model": "manual.item",
    "pk": 143,
    "fields": {
        "manual": 13,
        "code": "319",
        "summary": "Summary text 11"
    }
},
{
    "model": "manual.item",
    "pk": 144,
    "fields": {
        "manual": 14,
        "code": "281",
        "summary": "Summary text 1"
    }
},
{
    "model": "manual.item",
    "pk": 145,
    "fields": {
        "manual": 14,
        "code": "133",
        "summary": "Summary text 2"
    }
},
{
    "model": "manual.item",
    "pk": 146,
    "fields": {
        "manual": 14,
        "code": "489",
        "summary": "Summary text 3"
    }
},
{
    "model": "manual.item",
    "pk": 147,
    "fields": {
        "manual": 14,
        "code": "370",
        "summary": "Summary text 4"
    }
},
{
    "model": "manual.item",
    "pk": 148,
    "fields": {
        "manual": 14,
        "code": "379",
        "summary": "Summary text 5"
    }
},
{
    "model": "manual.item",
    "pk": 149,
    "fields": {
        "manual": 14,
        "code": "332",
        "summary": "Summary text 6"
    }
},
{
    "model": "manual.item",
    "pk": 150,
    "fields": {
        "manual": 14,
        "code": "286",
        "summary": "Summary text 7"
    }
},
{
    "model": "manual.item",
    "pk": 151,
    "fields": {
        "manual": 14,
        "code": "208",
        "summary": "Summary text 8"
    }
},
{
    "model": "manual.item",
    "pk": 152,
    "fields": {
        "manual": 14,
        "code": "443",
        "summary": "Summary text 9"
    }
},
{
    "model": "manual.item",
    "pk": 153,
    "fields": {
        "manual": 14,
        "code": "445",
        "summary": "Summary text 10"
    }
},
{
    "model": "manual.item",
    "pk": 154,
    "fields": {
        "manual": 14,
        "code": "177",
        "summary": "Summary text 11"
    }
},
{
    "model": "manual.item",
    "pk": 155,
    "fields": {
        "manual": 15,
        "code": "372",
        "summary": "Summary text 1"
    }
},
{
    "model": "manual.item",
    "pk": 156,
    "fields": {
        "manual": 15,
        "code": "265",
        "summary": "Summary text 2"
    }
},
{
    "model": "manual.item",
    "pk": 157,
    "fields": {
        "manual": 15,
        "code": "438",
        "summary": "Summary text 3"
    }
},
{
    "model": "manual.item",
    "pk": 158,
    "fields": {
        "manual": 15,
        "code": "277",
        "summary": "Summary text 4"
    }
},
{
    "model": "manual.item",
    "pk": 159,
    "fields": {
        "manual": 15,
        "code": "325",
        "summary": "Summary text 5"
    }
},
{
    "model": "manual.item",
    "pk": 160,
    "fields": {
        "manual": 15,
        "code": "166",
        "summary": "Summary text 6"
    }
},
{
    "model": "manual.item",
    "pk": 161,
    "fields": {
        "manual": 15,
        "code": "499",
        "summary": "Summary text 7"
    }
},
{
    "model": "manual.item",
    "pk": 162,
    "fields": {
        "manual": 15,
        "code": "255",
        "summary": "Summary text 8"
    }
},
{
    "model": "manual.item",
    "pk": 163,
    "fields": {
        "manual": 15,
        "code": "400",
        "summary": "Summary text 9"
    }
},
{
    "model": "manual.item",
    "pk": 164,
    "fields": {
        "manual": 15,
        "code": "223",
        "summary": "Summary text 10"
    }
},
{
    "model": "manual.item",
    "pk": 165,
    "fields": {
        "manual": 15,
        "code": "477",
        "summary": "Summary text 11"
    }
},
{
    "model": "manual.item",
    "pk": 166,
    "fields": {
        "manual": 16,
        "code": "230",
        "summary": "Summary text 1"
    }
},
{
    "model": "manual.item",
    "pk": 167,
    "fields": {
        "manual": 16,
        "code": "221",
        "summary": "Summary text 2"
    }
},
{
    "model": "manual.item",
    "pk": 168,
    "fields": {
        "manual": 16,
        "code": "308",
        "summary": "Summary text 3"
    }
},
{
    "model": "manual.item",
    "pk": 169,
    "fields": {
        "manual": 16,
        "code": "287",
        "summary": "Summary text 4"
    }
},
{
    "model": "manual.item",
    "pk": 170,
    "fields": {
        "manual": 16,
        "code": "123",
        "summary": "Summary text 5"
    }
},
{
    "model": "manual.item",
    "pk": 171,
    "fields": {
        "manual": 16,
        "code": "299",
        "summary": "Summary text 6"
    }
},
{
    "model": "manual.item",
    "pk": 172,
    "fields": {
        "manual": 16,
        "code": "243",
        "summary": "Summary text 7"
    }
},
{
    "model": "manual.item",
    "pk": 173,
    "fields": {
        "manual": 16,
        "code": "182",
        "summary": "Summary text 8"
    }
},
{
    "model": "manual.item",
    "pk": 174,
    "fields": {
        "manual": 16,
        "code": "469",
        "summary": "Summary text 9"
    }
},
{
    "model": "manual.item",
    "pk": 175,
    "fields": {
        "manual": 16,
        "code": "421",
        "summary": "Summary text 10"
    }
},
{
    "model": "manual.item",
    "pk": 176,
    "fields": {
        "manual": 16,
        "code": "242",
        "summary": "Summary text 11"
    }
},
{
    "model": "manual.item",
    "pk": 177,
    "fields": {
        "manual": 17,
        "code": "223",
        "summary": "Summary text 1"
    }
},
{
    "model": "manual.item",
    "pk": 178,
    "fields": {
        "manual": 17,
        "code": "372",
        "summary": "Summary text 2"
    }
},
{
    "model": "manual.item",
    "pk": 179,
    "fields": {
        "manual": 17,
        "code": "125",
        "summary": "Summary text 3"
    }
},
{
    "model": "manual.item",
    "pk": 180,
    "fields": {
        "manual": 17,
        "code": "270",
        "summary": "Summary text 4"
    }
},
{
    "model": "manual.item",
    "pk": 181,
    "fields": {
        "manual": 17,
        "code": "340",
        "summary": "Summary text 5"
    }
},
{
    "model": "manual.item",
    "pk": 182,
    "fields": {
        "manual": 17,
        "code": "322",
        "summary": "Summary text 6"
    }
},
{
    "model": "manual.item",
    "pk": 183,
    "fields": {
        "manual": 17,
        "code": "229",
        "summary": "Summary text 7"
    }
},
{
    "model": "manual.item",
    "pk": 184,
    "fields": {
        "manual": 17,
        "code": "163",
        "summary": "Summary text 8"
    }
},
{
    "model": "manual.item",
    "pk": 185,
    "fields": {
        "manual": 17,
        "code": "346",
        "summary": "Summary text 9"
    }
},
{
    "model": "manual.item",
    "pk": 186,
    "fields": {
        "manual": 17,
        "code": "275",
        "summary": "Summary text 10"
    }
},
{
    "model": "manual.item",
    "pk": 187,
    "fields": {
        "manual": 17,
        "code": "409",
        "summary": "Summary text 11"
    }
},
{
    "model": "manual.item",
    "pk": 188,
    "fields": {
        "manual": 18,
        "code": "131",
        "summary": "Summary text 1"
    }
},
{
    "model": "manual.item",
    "pk": 189,
    "fields": {
        "manual": 18,
        "code": "337",
        "summary": "Summary text 2"
    }
},
{
    "model": "manual.item",
    "pk": 190,
    "fields": {
        "manual": 18,
        "code": "162",
        "summary": "Summary text 3"
    }
},
{
    "model": "manual.item",
    "pk": 191,
    "fields": {
        "manual": 18,
        "code": "357",
        "summary": "Summary text 4"
    }
},
{
    "model": "manual.item",
    "pk": 192,
    "fields": {
        "manual": 18,
        "code": "338",
        "summary": "Summary text 5"
    }
},
{
    "model": "manual.item",
    "pk": 193,
    "fields": {
        "manual": 18,
        "code": "397",
        "summary": "Summary text 6"
    }
},
{
    "model": "manual.item",
    "pk": 194,
    "fields": {
        "manual": 18,
        "code": "150",
        "summary": "Summary text 7"
    }
},
{
    "model": "manual.item",
    "pk": 195,
    "fields": {
        "manual": 18,
        "code": "427",
        "summary": "Summary text 8"
    }
},
{
    "model": "manual.item",
    "pk": 196,
    "fields": {
        "manual": 18,
        "code": "384",
        "summary": "Summary text 9"
    }
},
{
    "model": "manual.item",
    "pk": 197,
    "fields": {
        "manual": 18,
        "code": "359",
        "summary": "Summary text 10"
    }
},
{
    "model": "manual.item",
    "pk": 198,
    "fields": {
        "manual": 18,
        "code": "376",
        "summary": "Summary text 11"
    }
},
{
    "model": "manual.item",
    "pk": 199,
    "fields": {
        "manual": 19,
        "code": "112",
        "summary": "Summary text 1"
    }
},
{
    "model": "manual.item",
    "pk": 200,
    "fields": {
        "manual": 19,
        "code": "261",
        "summary": "Summary text 2"
    }
},
{
    "model": "manual.item",
    "pk": 201,
    "fields": {
        "manual": 19,
        "code": "370",
        "summary": "Summary text 3"
    }
},
{
    "model": "manual.item",
    "pk": 202,
    "fields": {
        "manual": 19,
        "code": "275",
        "summary": "Summary text 4"
    }
},
{
    "model": "manual.item",
    "pk": 203,
    "fields": {
        "manual": 19,
        "code": "378",
        "summary": "Summary text 5"
    }
},
{
    "model": "manual.item",
    "pk": 204,
    "fields": {
        "manual": 19,
        "code": "413",
        "summary": "Summary text 6"
    }
},
{
    "model": "manual.item",
    "pk": 205,
    "fields": {
        "manual": 19,
        "code": "283",
        "summary": "Summary text 7"
    }
},
{
    "model": "manual.item",
    "pk": 206,
    "fields": {
        "manual": 19,
        "code": "223",
        "summary": "Summary text 8"
    }
},
{
    "model": "manual.item",
    "pk": 207,
    "fields": {
        "manual": 19,
        "code": "352",
        "summary": "Summary text 9"
    }
},
{
    "model": "manual.item",
    "pk": 208,
    "fields": {
        "manual": 19,
        "code": "413",
        "summary": "Summary text 10"
    }
},
{
    "model": "manual.item",
    "pk": 209,
    "fields": {
        "manual": 19,
        "code": "416",
        "summary": "Summary text 11"
    }
},
{
    "model": "manual.item",
    "pk": 210,
    "fields": {
        "manual": 20,
        "code": "402",
        "summary": "Summary text 1"
    }
},
{
    "model": "manual.item",
    "pk": 211,
    "fields": {
        "manual": 20,
        "code": "344",
        "summary": "Summary text 2"
    }
},
{
    "model": "manual.item",
    "pk": 212,
    "fields": {
        "manual": 20,
        "code": "244",
        "summary": "Summary text 3"
    }
},
{
    "model": "manual.item",
    "pk": 213,
    "fields": {
        "manual": 20,
        "code": "288",
        "summary": "Summary text 4"
    }
},
{
    "model": "manual.item",
    "pk": 214,
    "fields": {
        "manual": 20,
        "code": "318",
        "summary": "Summary text 5"
    }
},
{
    "model": "manual.item",
    "pk": 215,
    "fields": {
        "manual": 20,
        "code": "241",
        "summary": "Summary text 6"
    }
},
{
    "model": "manual.item",
    "pk": 216,
    "fields": {
        "manual": 20,
        "code": "392",
        "summary": "Summary text 7"
    }
},
{
    "model": "manual.item",
    "pk": 217,
    "fields": {
        "manual": 20,
        "code": "470",
        "summary": "Summary text 8"
    }
},
{
    "model": "manual.item",
    "pk": 218,
    "fields": {
        "manual": 20,
        "code": "236",
        "summary": "Summary text 9"
    }
},
{
    "model": "manual.item",
    "pk": 219,
    "fields": {
        "manual": 20,
        "code": "349",
        "summary": "Summary text 10"
    }
},
{
    "model": "manual.item",
    "pk": 220,
    "fields": {
        "manual": 20,
        "code": "450",
        "summary": "Summary text 11"
    }
},
{
    "model": "manual.item",
    "pk": 221,
    "fields": {
        "manual": 21,
        "code": "436",
        "summary": "Summary text 1"
    }
},
{
    "model": "manual.item",
    "pk": 222,
    "fields": {
        "manual": 21,
        "code": "356",
        "summary": "Summary text 2"
    }
},
{
    "model": "manual.item",
    "pk": 223,
    "fields": {
        "manual": 21,
        "code": "151",
        "summary": "Summary text 3"
    }
},
{
    "model": "manual.item",
    "pk": 224,
    "fields": {
        "manual": 21,
        "code": "244",
        "summary": "Summary text 4"
    }
},
{
    "model": "manual.item",
    "pk": 225,
    "fields": {
        "manual": 21,
        "code": "138",
        "summary": "Summary text 5"
    }
},
{
    "model": "manual.item",
    "pk": 226,
    "fields": {
        "manual": 21,
        "code": "422",
        "summary": "Summary text 6"
    }
},
{
    "model": "manual.item",
    "pk": 227,
    "fields": {
        "manual": 21,
        "code": "404",
        "summary": "Summary text 7"
    }
},
{
    "model": "manual.item",
    "pk": 228,
    "fields": {
        "manual": 21,
        "code": "490",
        "summary": "Summary text 8"
    }
},
{
    "model": "manual.item",
    "pk": 229,
    "fields": {
        "manual": 21,
        "code": "161",
        "summary": "Summary text 9"
    }
},
{
    "model": "manual.item",
    "pk": 230,
    "fields": {
        "manual": 21,
        "code": "380",
        "summary": "Summary text 10"
    }
},
{
    "model": "manual.item",
    "pk": 231,
    "fields": {
        "manual": 21,
        "code": "467",
        "summary": "Summary text 11"
    }
},
{
    "model": "manual.item",
    "pk": 232,
    "fields": {
        "manual": 22,
        "code": "116",
        "summary": "Summary text 1"
    }
},
{
    "model": "manual.item",
    "pk": 233,
    "fields": {
        "manual": 22,
        "code": "306",
        "summary": "Summary text 2"
    }
},
{
    "model": "manual.item",
    "pk": 234,
    "fields": {
        "manual": 22,
        "code": "146",
        "summary": "Summary text 3"
    }
},
{
    "model": "manual.item",
    "pk": 235,
    "fields": {
        "manual": 22,
        "code": "230",
        "summary": "Summary text 4"
    }
},
{
    "model": "manual.item",
    "pk": 236,
    "fields": {
        "manual": 22,
        "code": "208",
        "summary": "Summary text 5"
    }
},
{
    "model": "manual.item",
    "pk": 237,
    "fields": {
        "manual": 22,
        "code": "355",
        "summary": "Summary text 6"
    }
},
{
    "model": "manual.item",
    "pk": 238,
    "fields": {
        "manual": 22,
        "code": "101",
        "summary": "Summary text 7"
    }
},
{
    "model": "manual.item",
    "pk": 239,
    "fields": {
        "manual": 22,
        "code": "357",
        "summary": "Summary text 8"
    }
},
{
    "model": "manual.item",
    "pk": 240,
    "fields": {
        "manual": 22,
        "code": "326",
        "summary": "Summary text 9"
    }
},
{
    "model": "manual.item",
    "pk": 241,
    "fields": {
        "manual": 22,
        "code": "295",
        "summary": "Summary text 10"
    }
},
{
    "model": "manual.item",
    "pk": 242,
    "fields": {
        "manual": 22,
        "code": "398",
        "summary": "Summary text 11"
    }
},
{
    "model": "manual.item",
    "pk": 243,
    "fields": {
        "manual": 23,
        "code": "318",
        "summary": "Summary text 1"
    }
},
{
    "model": "manual.item",
    "pk": 244,
    "fields": {
        "manual": 23,
        "code": "280",
        "summary": "Summary text 2"
    }
},
{
    "model": "manual.item",
    "pk": 245,
    "fields": {
        "manual": 23,
        "code": "303",
        "summary": "Summary text 3"
    }
},
{
    "model": "manual.item",
    "pk": 246,
    "fields": {
        "manual": 23,
        "code": "435",
        "summary": "Summary text 4"
    }
},
{
    "model": "manual.item",
    "pk": 247,
    "fields": {
        "manual": 23,
        "code": "376",
        "summary": "Summary text 5"
    }
},
{
    "model": "manual.item",
    "pk": 248,
    "fields": {
        "manual": 23,
        "code": "489",
        "summary": "Summary text 6"
    }
},
{
    "model": "manual.item",
    "pk": 249,
    "fields": {
        "manual": 23,
        "code": "151",
        "summary": "Summary text 7"
    }
},
{
    "model": "manual.item",
    "pk": 250,
    "fields": {
        "manual": 23,
        "code": "360",
        "summary": "Summary text 8"
    }
},
{
    "model": "manual.item",
    "pk": 251,
    "fields": {
        "manual": 23,
        "code": "368",
        "summary": "Summary text 9"
    }
},
{
    "model": "manual.item",
    "pk": 252,
    "fields": {
        "manual": 23,
        "code": "159",
        "summary": "Summary text 10"
    }
},
{
    "model": "manual.item",
    "pk": 253,
    "fields": {
        "manual": 23,
        "code": "482",
        "summary": "Summary text 11"
    }
},
{
    "model": "manual.item",
    "pk": 254,
    "fields": {
        "manual": 24,
        "code": "437",
        "summary": "Summary text 1"
    }
},
{
    "model": "manual.item",
    "pk": 255,
    "fields": {
        "manual": 24,
        "code": "250",
        "summary": "Summary text 2"
    }
},
{
    "model": "manual.item",
    "pk": 256,
    "fields": {
        "manual": 24,
        "code": "316",
        "summary": "Summary text 3"
    }
},
{
    "model": "manual.item",
    "pk": 257,
    "fields": {
        "manual": 24,
        "code": "459",
        "summary": "Summary text 4"
    }
},
{
    "model": "manual.item",
    "pk": 258,
    "fields": {
        "manual": 24,
        "code": "439",
        "summary": "Summary text 5"
    }
},
{
    "model": "manual.item",
    "pk": 259,
    "fields": {
        "manual": 24,
        "code": "361",
        "summary": "Summary text 6"
    }
},
{
    "model": "manual.item",
    "pk": 260,
    "fields": {
        "manual": 24,
        "code": "305",
        "summary": "Summary text 7"
    }
},
{
    "model": "manual.item",
    "pk": 261,
    "fields": {
        "manual": 24,
        "code": "209",
        "summary": "Summary text 8"
    }
},
{
    "model": "manual.item",
    "pk": 262,
    "fields": {
        "manual": 24,
        "code": "147",
        "summary": "Summary text 9"
    }
},
{
    "model": "manual.item",
    "pk": 263,
    "fields": {
        "manual": 24,
        "code": "158",
        "summary": "Summary text 10"
    }
},
{
    "model": "manual.item",
    "pk": 264,
    "fields": {
        "manual": 24,
        "code": "474",
        "summary": "Summary text 11"
    }
},
{
    "model": "manual.item",
    "pk": 265,
    "fields": {
        "manual": 25,
        "code": "403",
        "summary": "Summary text 1"
    }
},
{
    "model": "manual.item",
    "pk": 266,
    "fields": {
        "manual": 25,
        "code": "192",
        "summary": "Summary text 2"
    }
},
{
    "model": "manual.item",
    "pk": 267,
    "fields": {
        "manual": 25,
        "code": "167",
        "summary": "Summary text 3"
    }
},
{
    "model": "manual.item",
    "pk": 268,
    "fields": {
        "manual": 25,
        "code": "144",
        "summary": "Summary text 4"
    }
},
{
    "model": "manual.item",
    "pk": 269,
    "fields": {
        "manual": 25,
        "code": "476",
        "summary": "Summary text 5"
    }
},
{
    "model": "manual.item",
    "pk": 270,
    "fields": {
        "manual": 25,
        "code": "333",
        "summary": "Summary text 6"
    }
},
{
    "model": "manual.item",
    "pk": 271,
    "fields": {
        "manual": 25,
        "code": "499",
        "summary": "Summary text 7"
    }
},
{
    "model": "manual.item",
    "pk": 272,
    "fields": {
        "manual": 25,
        "code": "287",
        "summary": "Summary text 8"
    }
},
{
    "model": "manual.item",
    "pk": 273,
    "fields": {
        "manual": 25,
        "code": "392",
        "summary": "Summary text 9"
    }
},
{
    "model": "manual.item",
    "pk": 274,
    "fields": {
        "manual": 25,
        "code": "416",
        "summary": "Summary text 10"
    }
},
{
    "model": "manual.item",
    "pk": 275,
    "fields": {
        "manual": 25,
        "code": "442",
        "summary": "Summary text 11"
    }
},
{
    "model": "manual.item",
    "pk": 276,
    "fields": {
        "manual": 26,
        "code": "349",
        "summary": "Summary text 1"
    }
},
{
    "model": "manual.item",
    "pk": 277,
    "fields": {
        "manual": 26,
        "code": "280",
        "summary": "Summary text 2"
    }
},
{
    "model": "manual.item",
    "pk": 278,
    "fields": {
        "manual": 26,
        "code": "155",
        "summary": "Summary text 3"
    }
},
{
    "model": "manual.item",
    "pk": 279,
    "fields": {
        "manual": 26,
        "code": "406",
        "summary": "Summary text 4"
    }
},
{
    "model": "manual.item",
    "pk": 280,
    "fields": {
        "manual": 26,
        "code": "237",
        "summary": "Summary text 5"
    }
},
{
    "model": "manual.item",
    "pk": 281,
    "fields": {
        "manual": 26,
        "code": "408",
        "summary": "Summary text 6"
    }
},
{
    "model": "manual.item",
    "pk": 282,
    "fields": {
        "manual": 26,
        "code": "123",
        "summary": "Summary text 7"
    }
},
{
    "model": "manual.item",
    "pk": 283,
    "fields": {
        "manual": 26,
        "code": "190",
        "summary": "Summary text 8"
    }
},
{
    "model": "manual.item",
    "pk": 284,
    "fields": {
        "manual": 26,
        "code": "411",
        "summary": "Summary text 9"
    }
},
{
    "model": "manual.item",
    "pk": 285,
    "fields": {
        "manual": 26,
        "code": "227",
        "summary": "Summary text 10"
    }
},
{
    "model": "manual.item",
    "pk": 286,
    "fields": {
        "manual": 26,
        "code": "418",
        "summary": "Summary text 11"
    }
},
{
    "model": "manual.item",
    "pk": 287,
    "fields": {
        "manual": 27,
        "code": "133",
        "summary": "Summary text 1"
    }
},
{
    "model": "manual.item",
    "pk": 288,
    "fields": {
        "manual": 27,
        "code": "422",
        "summary": "Summary text 2"
    }
},
{
    "model": "manual.item",
    "pk": 289,
    "fields": {
        "manual": 27,
        "code": "137",
        "summary": "Summary text 3"
    }
},
{
    "model": "manual.item",
    "pk": 290,
    "fields": {
        "manual": 27,
        "code": "498",
        "summary": "Summary text 4"
    }
},
{
    "model": "manual.item",
    "pk": 291,
    "fields": {
        "manual": 27,
        "code": "351",
        "summary": "Summary text 5"
    }
},
{
    "model": "manual.item",
    "pk": 292,
    "fields": {
        "manual": 27,
        "code": "212",
        "summary": "Summary text 6"
    }
},
{
    "model": "manual.item",
    "pk": 293,
    "fields": {
        "manual": 27,
        "code": "268",
        "summary": "Summary text 7"
    }
},
{
    "model": "manual.item",
    "pk": 294,
    "fields": {
        "manual": 27,
        "code": "147",
        "summary": "Summary text 8"
    }
},
{
    "model": "manual.item",
    "pk": 295,
    "fields": {
        "manual": 27,
        "code": "491",
        "summary": "Summary text 9"
    }
},
{
    "model": "manual.item",
    "pk": 296,
    "fields": {
        "manual": 27,
        "code": "247",
        "summary": "Summary text 10"
    }
},
{
    "model": "manual.item",
    "pk": 297,
    "fields": {
        "manual": 27,
        "code": "442",
        "summary": "Summary text 11"
    }
},
{
    "model": "manual.item",
    "pk": 298,
    "fields": {
        "manual": 28,
        "code": "344",
        "summary": "Summary text 1"
    }
},
{
    "model": "manual.item",
    "pk": 299,
    "fields": {
        "manual": 28,
        "code": "466",
        "summary": "Summary text 2"
    }
},
{
    "model": "manual.item",
    "pk": 300,
    "fields": {
        "manual": 28,
        "code": "187",
        "summary": "Summary text 3"
    }
},
{
    "model": "manual.item",
    "pk": 301,
    "fields": {
        "manual": 28,
        "code": "234",
        "summary": "Summary text 4"
    }
},
{
    "model": "manual.item",
    "pk": 302,
    "fields": {
        "manual": 28,
        "code": "290",
        "summary": "Summary text 5"
    }
},
{
    "model": "manual.item",
    "pk": 303,
    "fields": {
        "manual": 28,
        "code": "132",
        "summary": "Summary text 6"
    }
},
{
    "model": "manual.item",
    "pk": 304,
    "fields": {
        "manual": 28,
        "code": "430",
        "summary": "Summary text 7"
    }
},
{
    "model": "manual.item",
    "pk": 305,
    "fields": {
        "manual": 28,
        "code": "364",
        "summary": "Summary text 8"
    }
},
{
    "model": "manual.item",
    "pk": 306,
    "fields": {
        "manual": 28,
        "code": "100",
        "summary": "Summary text 9"
    }
},
{
    "model": "manual.item",
    "pk": 307,
    "fields": {
        "manual": 28,
        "code": "106",
        "summary": "Summary text 10"
    }
},
{
    "model": "manual.item",
    "pk": 308,
    "fields": {
        "manual": 28,
        "code": "136",
        "summary": "Summary text 11"
    }
},
{
    "model": "manual.item",
    "pk": 309,
    "fields": {
        "manual": 29,
        "code": "142",
        "summary": "Summary text 1"
    }
},
{
    "model": "manual.item",
    "pk": 310,
    "fields": {
        "manual": 29,
        "code": "203",
        "summary": "Summary text 2"
    }
},
{
    "model": "manual.item",
    "pk": 311,
    "fields": {
        "manual": 29,
        "code": "180",
        "summary": "Summary text 3"
    }
},
{
    "model": "manual.item",
    "pk": 312,
    "fields": {
        "manual": 29,
        "code": "160",
        "summary": "Summary text 4"
    }
},
{
    "model": "manual.item",
    "pk": 313,
    "fields": {
        "manual": 29,
        "code": "320",
        "summary": "Summary text 5"
    }
},
{
    "model": "manual.item",
    "pk": 314,
    "fields": {
        "manual": 29,
        "code": "172",
        "summary": "Summary text 6"
    }
},
{
    "model": "manual.item",
    "pk": 315,
    "fields": {
        "manual": 29,
        "code": "309",
        "summary": "Summary text 7"
    }
},
{
    "model": "manual.item",
    "pk": 316,
    "fields": {
        "manual": 29,
        "code": "234",
        "summary": "Summary text 8"
    }
},
{
    "model": "manual.item",
    "pk": 317,
    "fields": {
        "manual": 29,
        "code": "328",
        "summary": "Summary text 9"
    }
},
{
    "model": "manual.item",
    "pk": 318,
    "fields": {
        "manual": 29,
        "code": "262",
        "summary": "Summary text 10"
    }
},
{
    "model": "manual.item",
    "pk": 319,
    "fields": {
        "manual": 29,
        "code": "312",
        "summary": "Summary text 11"
    }
},
{
    "model": "manual.item",
    "pk": 320,
    "fields": {
        "manual": 30,
        "code": "100",
        "summary": "Summary text 1"
    }
},
{
    "model": "manual.item",
    "pk": 321,
    "fields": {
        "manual": 30,
        "code": "127",
        "summary": "Summary text 2"
    }
},
{
    "model": "manual.item",
    "pk": 322,
    "fields": {
        "manual": 30,
        "code": "204",
        "summary": "Summary text 3"
    }
},
{
    "model": "manual.item",
    "pk": 323,
    "fields": {
        "manual": 30,
        "code": "499",
        "summary": "Summary text 4"
    }
},
{
    "model": "manual.item",
    "pk": 324,
    "fields": {
        "manual": 30,
        "code": "475",
        "summary": "Summary text 5"
    }
},
{
    "model": "manual.item",
    "pk": 325,
    "fields": {
        "manual": 30,
        "code": "446",
        "summary": "Summary text 6"
    }
},
{
    "model": "manual.item",
    "pk": 326,
    "fields": {
        "manual": 30,
        "code": "260",
        "summary": "Summary text 7"
    }
},
{
    "model": "manual.item",
    "pk": 327,
    "fields": {
        "manual": 30,
        "code": "245",
        "summary": "Summary text 8"
    }
},
{
    "model": "manual.item",
    "pk": 328,
    "fields": {
        "manual": 30,
        "code": "472",
        "summary": "Summary text 9"
    }
},
{
    "model": "manual.item",
    "pk": 329,
    "fields": {
        "manual": 30,
        "code": "113",
        "summary": "Summary text 10"
    }
},
{
    "model": "manual.item",
    "pk": 330,
    "fields": {
        "manual": 30,
        "code": "130",
        "summary": "Summary text 11"
    }
},
{
    "model": "manual.item",
    "pk": 331,
    "fields": {
        "manual": 31,
        "code": "368",
        "summary": "Summary text 1"
    }
},
{
    "model": "manual.item",
    "pk": 332,
    "fields": {
        "manual": 31,
        "code": "111",
        "summary": "Summary text 2"
    }
},
{
    "model": "manual.item",
    "pk": 333,
    "fields": {
        "manual": 31,
        "code": "215",
        "summary": "Summary text 3"
    }
},
{
    "model": "manual.item",
    "pk": 334,
    "fields": {
        "manual": 31,
        "code": "371",
        "summary": "Summary text 4"
    }
},
{
    "model": "manual.item",
    "pk": 335,
    "fields": {
        "manual": 31,
        "code": "304",
        "summary": "Summary text 5"
    }
},
{
    "model": "manual.item",
    "pk": 336,
    "fields": {
        "manual": 31,
        "code": "463",
        "summary": "Summary text 6"
    }
},
{
    "model": "manual.item",
    "pk": 337,
    "fields": {
        "manual": 31,
        "code": "378",
        "summary": "Summary text 7"
    }
},
{
    "model": "manual.item",
    "pk": 338,
    "fields": {
        "manual": 31,
        "code": "422",
        "summary": "Summary text 8"
    }
},
{
    "model": "manual.item",
    "pk": 339,
    "fields": {
        "manual": 31,
        "code": "457",
        "summary": "Summary text 9"
    }
},
{
    "model": "manual.item",
    "pk": 340,
    "fields": {
        "manual": 31,
        "code": "394",
        "summary": "Summary text 10"
    }
},
{
    "model": "manual.item",
    "pk": 341,
    "fields": {
        "manual": 31,
        "code": "325",
        "summary": "Summary text 11"
    }
},
{
    "model": "manual.item",
    "pk": 342,
    "fields": {
        "manual": 32,
        "code": "275",
        "summary": "Summary text 1"
    }
},
{
    "model": "manual.item",
    "pk": 343,
    "fields": {
        "manual": 32,
        "code": "145",
        "summary": "Summary text 2"
    }
},
{
    "model": "manual.item",
    "pk": 344,
    "fields": {
        "manual": 32,
        "code": "365",
        "summary": "Summary text 3"
    }
},
{
    "model": "manual.item",
    "pk": 345,
    "fields": {
        "manual": 32,
        "code": "353",
        "summary": "Summary text 4"
    }
},
{
    "model": "manual.item",
    "pk": 346,
    "fields": {
        "manual": 32,
        "code": "258",
        "summary": "Summary text 5"
    }
},
{
    "model": "manual.item",
    "pk": 347,
    "fields": {
        "manual": 32,
        "code": "310",
        "summary": "Summary text 6"
    }
},
{
    "model": "manual.item",
    "pk": 348,
    "fields": {
        "manual": 32,
        "code": "253",
        "summary": "Summary text 7"
    }
},
{
    "model": "manual.item",
    "pk": 349,
    "fields": {
        "manual": 32,
        "code": "186",
        "summary": "Summary text 8"
    }
},
{
    "model": "manual.item",
    "pk": 350,
    "fields": {
        "manual": 32,
        "code": "120",
        "summary": "Summary text 9"
    }
},
{
    "model": "manual.item",
    "pk": 351,
    "fields": {
        "manual": 32,
        "code": "404",
        "summary": "Summary text 10"
    }
},
{
    "model": "manual.item",
    "pk": 352,
    "fields": {
        "manual": 32,
        "code": "282",
        "summary": "Summary text 11"
    }
},
{
    "model": "manual.item",
    "pk": 353,
    "fields": {
        "manual": 33,
        "code": "499",
        "summary": "Summary text 1"
    }
},
{
    "model": "manual.item",
    "pk": 354,
    "fields": {
        "manual": 33,
        "code": "117",
        "summary": "Summary text 2"
    }
},
{
    "model": "manual.item",
    "pk": 355,
    "fields": {
        "manual": 33,
        "code": "491",
        "summary": "Summary text 3"
    }
},
{
    "model": "manual.item",
    "pk": 356,
    "fields": {
        "manual": 33,
        "code": "423",
        "summary": "Summary text 4"
    }
},
{
    "model": "manual.item",
    "pk": 357,
    "fields": {
        "manual": 33,
        "code": "490",
        "summary": "Summary text 5"
    }
},
{
    "model": "manual.item",
    "pk": 358,
    "fields": {
        "manual": 33,
        "code": "447",
        "summary": "Summary text 6"
    }
},
{
    "model": "manual.item",
    "pk": 359,
    "fields": {
        "manual": 33,
        "code": "294",
        "summary": "Summary text 7"
    }
},
{
    "model": "manual.item",
    "pk": 360,
    "fields": {
        "manual": 33,
        "code": "370",
        "summary": "Summary text 8"
    }
},
{
    "model": "manual.item",
    "pk": 361,
    "fields": {
        "manual": 33,
        "code": "387",
        "summary": "Summary text 9"
    }
},
{
    "model": "manual.item",
    "pk": 362,
    "fields": {
        "manual": 33,
        "code": "330",
        "summary": "Summary text 10"
    }
},
{
    "model": "manual.item",
    "pk": 363,
    "fields": {
        "manual": 33,
        "code": "383",
        "summary": "Summary text 11"
    }
}
]
